M,Nk,Nw,D,BRAM,FF,LUT,LUTASMEM,split
1,1,1,4,60,9371,5753,1095,train,
4,1,2,4,74,12053,8654,1097,train,
4,1,4,4,74,14007,11074,1097,train,
4,2,2,4,90,11880,8370,1097,train,
4,4,1,4,102,10266,6766,1097,train,
8,1,2,4,74,14090,11322,1098,train,
8,1,4,4,74,17840,16502,1098,101,train,
8,1,8,4,74,25385,28045,1098,98,train,
8,4,2,4,122,13956,10660,1098,246,train,
16,1,4,4,86,25680,27162,1099,58,train,
16,2,4,4,102,26021,27591,1099,101,train,
16,4,2,4,134,18703,16713,1099,176,train,
16,4,4,4,134,26384,26849,1099,159,train,
16,8,2,4,198,18080,15310,1099,246,train,
16,16,1,4,254,13811,10717,1099,293,train,
4,2,2,1,90,10771,7750,1097,train,
4,2,2,2,90,11480,8549,1097,train,
4,2,2,3,90,11681,8725,1097,train,
4,2,2,4,90,11880,8370,1097,train,
4,2,2,5,90,12079,8794,1097,train,
4,2,2,6,90,12282,8916,1097,train,
4,2,2,7,90,12483,9051,1097,train,
4,2,2,8,90,12777,8713,1098,train,
16,4,4,1,134,17524,20714,1099,train,
16,4,4,2,134,23245,26513,1099,train,
16,4,4,3,134,24792,27352,1099,train,
16,4,4,4,134,26384,26849,1099,train,
16,4,4,5,134,27984,28854,1099,train,
16,4,4,6,134,29566,30244,1099,train,
16,4,4,7,134,30879,30085,1099,train,
16,4,4,8,134,32458,28870,1099,train,

2,1,2,2,94,10990,7099,test,
4,2,2,2,110,12220,9083,test,
4,4,1,2,110,11519,7469,test,
8,1,8,2,94,18688,19576,test,
8,2,4,4,110,19643,18725,test,
8,4,1,4,110,15813,11346,test,
16,4,4,2,142,22336,23857,test,
16,1,16,2,94,35743,58975,test,
16,2,4,4,110,28694,30393,test,
16,8,1,4,174,23694,17384,test,
32,4,8,4,142,62481,79136,test,
32,32,1,4,462,35900,30536,test,